timestep,soil_organic_matter_N0.8_C2.5,soil_pH_N0.7_C2.8
0,50.0,50.0
1,48.132021787454036,46.72913801432439
2,51.768430425166585,45.898578708772604
3,48.96452922395536,43.5381322352005
4,49.92004885190629,46.64537469786829
5,49.837576403480156,44.15730043116276
6,50.444784976854244,41.762839003506954
7,51.112336448207856,38.21039656805279
8,55.266046833766026,38.11950838213861
9,59.139890281825295,39.65466210400795
10,55.89041484310543,37.6873989520615
11,52.17907421626719,40.80273524973801
12,54.7475902825427,40.71313751020874
13,54.83211135935666,38.5330548598196
14,56.70485887695011,36.47125870085096
15,53.96508964564685,35.9342399491766
16,54.59368293898128,36.79675188993862
17,53.759360587641936,36.84031742251513
18,55.63007536858942,37.24085396107668
19,57.986960894486835,34.744756946519985
20,57.93028108314434,37.07972025208174
21,58.5081260860137,37.580407475551446
22,59.045084746614044,33.611238300274245
23,62.32606921383579,30.120774768307523
24,62.00066593501611,33.06301279773782
25,60.64619033116229,33.8862123824474
26,63.14365875318887,36.77324042680868
27,61.88052304549563,38.78062049978351
28,65.54709837788259,37.637833752195455
29,68.16348681348812,34.724116620995
30,65.24421333004412,31.913814547701
31,65.6194360126566,31.563895756543317
32,64.78476301541363,29.064342390601723
33,62.30785162658425,29.207520513689044
34,59.96237299341652,28.478127264221403
35,61.96649745765509,29.851434211826856
36,61.515407963437355,28.078142766975873
37,59.58722096422925,24.15686756581719
38,61.3953436675626,25.804349217694284
39,61.8928203805401,25.096253057041423
40,61.84364946396545,24.923732660793625
41,59.80654939579294,28.320524022886936
42,60.45263008956923,25.50260843025697
43,61.347007474755735,23.10402546189643
44,64.20689473048421,25.40765450127163
45,62.53708508886638,22.960971264027936
46,60.908884276217655,25.42241705551932
47,63.019253568078625,26.633764759694724
48,58.999654638977276,30.68032839392371
49,62.260591437476656,32.2989772638686
50,62.72164554920974,34.510120523766226
51,64.63728398265246,34.99604401087362
52,63.28356912108179,32.3899304008685
53,66.00676923367574,37.17230848269615
54,65.60028439160176,34.03220931728679
55,67.9468780497922,37.584911471152
56,65.41084149723733,37.04297123805737
57,67.92729161957597,39.89214935005514
58,63.37795698727875,39.41250734599264
59,63.72105408017661,42.27805010857659
60,65.98170720423666,41.95490202815638
61,67.59131249916649,40.222683121655166
62,69.61352470731387,37.16398488182872
63,72.9579648238576,41.10107849318628
64,73.86325348033589,41.568538897803684
65,74.38693648279107,45.14595887730406
66,74.60107907338931,41.13336463220259
67,72.39832740779465,38.521249211968055
68,72.62866971397106,40.23684789559585
69,73.00621461319757,40.059796305824946
70,74.28848374604613,42.60557180490704
71,72.90133910186026,42.19405125666867
72,73.23921762112519,39.10186661142416
73,76.62217101699677,41.06725745262051
74,76.09978970263683,44.84985198952356
75,76.25044250489869,47.63670836019571
76,77.59457548802621,50.08899115020261
77,73.98715487118379,47.37474560485279
78,75.49484258049893,50.166373814723336
79,78.3260987989549,52.2974624876148
80,76.88376271286121,54.95606300621305
81,76.80127579590194,58.293142069413314
82,78.67844363390377,58.17033833667738
83,80.6714401084641,58.9136410867301
84,79.131113135004,59.231837578817164
85,77.08833249102543,60.54544281620268
86,77.16855427052649,57.54928273901087
87,74.62136871396075,54.33931711006404
88,74.72633830962066,54.9304848052564
89,77.61927493702922,54.18788809994484
90,79.9226259221212,57.06622484202454
91,81.2784379384423,60.072868790966766
92,79.45381929098694,62.082335516537235
93,82.5986597062323,62.082898077963186
94,83.32529501580922,59.28993871369903
95,83.77549044176143,59.341560507145765
96,81.57946323860286,56.86711175172891
97,79.74148787643601,54.039819904655914
98,78.46934353664757,51.63648315652539
99,74.47878896221266,55.28223208547087
100,77.06832913268565,55.19417368963057
101,75.9398453382618,57.42800649465593
102,75.23099334062319,60.84071875866039
103,72.9632612369837,64.54954292376223
104,73.51861104775334,67.45794114423221
105,74.25965696261383,65.11912702073711
106,77.1384536966682,63.77128407753178
107,79.95617596808091,66.90530460613752
108,81.85158004020549,71.02391949581491
109,81.96432741762422,70.20539839405656
110,79.15166831384902,70.24787010520302
111,76.36084227903059,70.38013515613238
112,76.48422799759277,71.12397086710531
113,77.25270920748196,68.11709118165439
114,77.25780720537496,69.1445916004677
115,76.57157671112991,67.48023114368634
116,74.46424025285754,70.65122806147598
117,76.55344768316347,72.51249971799196
118,77.9509958002054,69.28623555861624
119,75.60937815453752,69.4377144768391
120,78.89347260326325,68.8190232713508
121,80.61209245825611,71.18401961172539
122,81.2191810283638,69.13536896303795
123,81.26646706310072,66.40918498272082
124,78.5883622839052,69.49130720913864
125,81.35452883703108,66.53500390961287
126,84.73858795126978,65.59880540684921
127,85.69570165831225,65.90560038872164
128,83.20725567770616,62.04355845995138
129,80.67183659381128,60.978311312052554
130,80.91753122513026,64.08445536516987
131,81.14597787770627,61.41796907319974
132,83.19578981384082,64.69006912629703
133,80.74392859276918,64.4135007446197
134,83.07114224263181,65.97560257546128
135,83.63554009858588,63.613221350365784
136,81.85842031900842,61.08784706044787
137,83.39176463000246,58.64949938013862
138,82.53293663822885,58.53129680314032
139,81.71810987213206,62.23287931179201
140,81.22115116511526,60.17469778110762
141,79.1745486189686,61.31283707984823
142,81.57573403773354,58.96231218256352
143,78.57351993200845,63.863363941427224
144,75.82061084337204,61.16701538152592
145,75.59065221925977,58.17882054283117
146,71.91328427292659,55.699619800117574
147,73.88909859427946,54.45011161261703
148,70.18206872264267,51.71818637963964
149,67.31143990746794,55.075467892534185
150,67.73947439195102,51.579132749521484
151,68.75136341462657,52.512959142602305
152,71.08889153396588,54.58630419168232
153,72.07429877596621,55.02382132760347
154,72.88560201076461,57.8649430565135
155,73.32707628350522,54.060460321717294
156,70.93176847819404,54.35127980423384
157,67.45490098078098,53.82669698080544
158,68.06889133746553,56.46950819304385
159,72.54247007301979,53.62631637267085
160,72.33293720047868,50.199329623156416
161,72.05311237402381,47.537067147998606
162,70.14528749202636,44.17961884093167
163,70.35627142676123,47.754737684510836
164,72.40369315591984,49.190600254789324
165,70.9974718035226,49.1544808384561
166,67.45167564174383,49.490508806709855
167,68.15646850468647,46.708993721874066
168,70.98887484918971,43.69329983974273
169,71.27373250771949,46.29098600525095
170,71.00963256788057,48.88267301723737
171,68.2959144792229,47.10712357583161
172,68.05346817209,49.883847521949285
173,69.01017270373427,46.87309571513539
174,71.26289925201189,48.95903475633436
175,68.833232158881,48.27957939108304
176,68.49414702168518,48.233397432954526
177,71.02157422618798,51.14430696829832
178,70.53373872653933,48.88335119187188
179,68.17353471602188,45.134064111016784
180,65.3527841535217,46.932027446085186
181,61.42739331891188,46.766273742277576
182,64.41282423036895,45.7428380560192
183,61.765707349361094,45.921676043856266
184,61.71482197784827,45.31347032901731
185,62.304948970654706,42.63070905535014
186,65.27087374986773,39.3988334260627
187,69.0131184091367,37.716154095119336
188,68.83277245746315,35.76380217744913
189,68.3328657630629,35.84397989407995
190,64.98960844877118,35.8487702974745
191,66.32138461256287,37.74699673314624
192,66.86804680049566,39.67004868988318
193,70.42391538230521,39.51949248204839
194,66.91726793669696,42.86792228027965
195,67.15634180377396,42.4541115815432
196,67.7625527755683,42.5515258314069
197,68.56859904997528,39.3327501909303
198,71.39192149134747,36.48590895108451
199,71.8371689500575,37.00329984764325
200,69.37543230740758,36.79939327951999
201,70.02198892297463,33.473952083707374
202,72.21721500222807,36.11695816155489
203,68.60346522891945,33.43897687149549
204,67.51093936603488,33.86876121677673
205,68.14187160224189,29.767320632733643
206,67.70744899311603,29.845069730009357
207,64.67438645005701,29.977138693909207
208,63.42114228740005,32.59254033925944
209,62.961386783198066,29.90324718853828
210,61.678748849115884,32.455581557032346
211,60.39245419114481,30.333160977485534
212,62.21628163772925,32.87717888355857
213,63.71615276585669,33.24818915956413
214,65.04423870211355,36.49904845477193
215,61.50807570395777,39.56795067168606
216,61.819138275016094,43.82097803443128
217,62.96584661996191,40.79546049039525
218,65.6090135416136,42.66244572462649
219,65.86073132710553,43.15307237484787
220,63.89229582443619,45.471592934233435
221,68.82718822837063,44.83822180261882
222,72.57567114384013,45.46574189471523
223,72.62034401363853,49.57336675318777
224,76.03541206894367,49.997759198621154
225,75.76723160218278,50.25300689803437
226,73.65358270288397,52.664874520980554
227,75.58596852636268,54.92223402294314
228,74.37843393720601,58.45707962154704
229,72.08589671358347,61.88171850460355
230,68.93547142778444,60.28722536058671
231,68.17012565359505,60.53863549046099
232,65.37785437740307,63.788849196515386
233,67.93349993038632,63.004901267713
234,69.06230290545096,62.164090786302545
235,69.96347274194825,61.83702159486244
236,70.45039972085944,59.580028781449926
237,69.38895415829803,62.71905317187853
238,73.17113004137398,63.50530526908712
239,70.95807119730472,67.84260886545535
240,67.9671246463265,63.44053046359909
241,67.8361528724615,66.38567429085634
242,64.34986567324174,64.62624501856745
243,64.39276699305229,62.24151485001374
244,67.87411082277961,65.88351698876636
245,70.13380506882729,64.68740714257073
246,67.40407004026585,67.46581163662526
247,66.4285999812641,70.09080650035307
248,66.59860971844712,71.86750680304789
249,66.31073298787132,71.30482943012446
250,66.80144877637271,71.63420396139894
251,64.29871045505969,72.14906584618284
252,66.45742801707947,70.5294690316484
253,65.1648466595088,73.36949759319009
254,66.84377180475455,73.41878237480867
255,63.24864103333779,70.07155257072279
256,65.97503485987991,73.22548249539713
257,63.10214946258832,73.31303014845997
258,60.06822313691824,70.74525280801836
259,62.02959126355579,67.18501026505805
260,62.524069241987476,67.35730681315223
261,58.45284295068069,70.27654352897159
262,61.12397469588773,66.92331563037405
263,56.26984799562136,64.02029976493698
264,56.32877130577356,66.42874805674666
265,58.43432187423924,68.2547951803519
266,55.116913286235565,64.91695152053747
267,52.4763595704881,64.37290062520782
268,54.88012903512874,64.39743969953477
269,53.08000862836063,64.27407317602689
270,56.487398091964394,61.50141441768746
271,58.33099006274496,59.18482576475546
272,61.296298161723406,60.62333213873777
273,64.8120363333421,58.62813036932806
274,66.13361863211252,61.73339810133899
275,63.591729923088,58.51498437791622
276,60.71255237859101,58.657444834515665
277,63.69099080759245,60.883571347021984
278,61.652014893786124,61.2499914223435
279,58.835487587090185,58.060031343803416
280,60.30092416907751,60.25710647458369
281,58.84480496911755,57.83689571811381
282,56.43237117054258,58.05932569318312
283,55.64408287983652,58.48253956297638
284,56.02686579505679,56.02714752281731
285,57.560844560134605,53.71852179735705
286,57.434503384056825,51.769948038355174
287,56.683534009899546,48.67352528578097
288,56.373241014540916,49.30519402726945
289,53.653742167596214,49.50393125027131
290,51.56360814440735,46.16158554529052
291,53.57602265253927,42.67653304180484
292,56.110750683184094,45.22604482670961
293,56.13080814642916,45.90736695961339
294,58.87926180581716,43.95221272540594
295,60.680964399486705,41.073885214734666
296,61.288094971919186,38.15724271942217
297,63.64759963528193,41.37016996621673
298,59.53499701533524,44.14362956136335
299,57.655014845841656,43.98164971999157
300,56.457546654785304,44.145984132104864
301,58.59492621919939,41.04005726239479
302,60.940231695795696,39.94708420506546
303,57.574833700880106,43.05575178181017
304,56.148047301221474,45.48696652663032
305,56.014895680503145,45.82491210277459
306,57.209444063184044,49.07998949261214
307,53.194868022294074,46.822638160386376
308,53.124269995677416,49.3633159911974
309,51.0049282787051,46.54940453107733
310,51.11541468822235,46.74906173535937
311,48.454367517032054,44.51850373634824
312,47.98813960701585,44.54554076895176
313,48.15433542863019,48.19330461814336
314,46.33691422106851,50.957363614140405
315,45.37403333061924,48.00696107059759
316,47.450292983603276,51.02721395570859
317,50.8097850679482,53.9176314072276
318,51.01166973645297,50.42986892814467
319,55.02492381084526,47.287826380748996
320,52.29432442165507,46.10568633228173
321,55.93481321875296,43.8084614209617
322,58.29948656846745,40.88722123852435
323,55.530872871019525,40.63525054720845
324,57.915580449661455,44.94630174205875
325,60.834571008192185,42.20477127737527
326,60.730517653775806,39.68030631344189
327,57.734666920850366,40.96642010820368
328,58.869210823280945,37.92387680867035
329,61.71075978841112,35.57954436223134
330,59.31857362795082,33.383832649690525
331,61.51685879987261,35.04802856319545
332,59.68421289451695,35.837969439531825
333,57.35702121621173,33.183864139358136
334,58.13744857460789,30.94798593558319
335,60.1905001624439,34.25880482201287
336,63.083817956888964,36.44664380750508
337,65.67515418017925,39.443873768681684
338,64.8208452277262,44.079632439879795
339,68.60813083090652,43.83102963828362
340,67.20900549503725,43.90953419926456
341,67.79529471138648,44.07048100530793
342,69.4217046927245,46.611044496444975
343,67.72850617106694,44.69305088691754
344,67.62271107271162,45.69339010069397
345,65.05206795639387,43.008007367902245
346,68.71928428357462,43.684568323247255
347,67.59256106797838,46.9881806389298
348,69.28604981427316,50.01573601809431
349,67.18308722301501,48.53742115897859
350,70.85732755224262,45.487512761496056
351,70.47192980701323,43.248815457354006
352,70.1083716197806,46.823287572630505
353,73.44472429486467,44.98463136628908
354,74.47479018478363,48.2137246013603
355,71.9543865291078,47.498454255328845
356,74.86475684427297,45.71635491398777
357,72.40493994060968,46.38696076243484
358,70.75702778026347,49.369435044800476
359,73.48497648700825,49.974202668082626
360,77.76419593518872,47.545003466964424
361,81.10606310476325,44.972979007078486
362,79.77352102686841,44.592394600522276
363,76.97606209917446,46.5737821362338
364,74.16580871670003,49.37125321413423
365,74.54837108816311,49.10214716658272
366,75.01150877279068,45.23805441725762
367,71.43782125692361,42.83138047867641
368,70.67412534746717,45.10081011873124
369,70.76650836325018,45.000152113747504
370,69.51920642698808,42.826562883222074
371,71.74760353383287,42.9288066942947
372,75.09376086593475,44.99991387400361
373,76.35650725279955,47.84542144286155
374,72.49601260370187,50.49097972640392
375,75.09312816087902,53.23633822725734
376,74.28518533884385,50.50960340792526
377,76.76184768265472,47.348955370889314
378,78.07235830699015,44.85345834932419
379,75.75762995560844,41.74544836482123
380,77.03881315964087,39.13240474178005
381,77.76678468061469,38.91268326811319
382,77.5037167135892,41.86398677273409
383,78.20294667314502,38.50959840501752
384,76.73440674257276,35.441264138453455
385,74.5648140344643,32.43812060173192
386,74.76672283185462,32.10200272437179
387,77.69408173096294,34.61934403130521
388,79.74341955674733,34.57965427014477
389,80.52489781944797,32.92147703061034
390,77.75477055407303,32.73305117794852
391,77.36741643928787,35.540437612481576
392,80.74865317933457,36.67944126100198
393,80.64835474900467,34.35963204065501
394,83.690974129941,33.90054291084984
395,86.82989598614566,33.110830193814564
396,86.25521082760332,33.13841307392589
397,89.40278213471957,31.00006312958521
398,86.8686219614236,30.50247875739877
399,84.4631592600918,27.38572272483959
400,86.96960587013534,29.880446060242008
401,88.65238859432259,33.72666981027604
402,87.31203238398894,36.61808045074311
403,87.49702945276077,32.978619815941855
404,85.56419905194109,33.18085076261914
405,85.5615053807833,32.8125265440844
406,83.78775825557818,35.24836047715989
407,84.21732075775418,35.89313569790876
408,87.71493865324635,36.5893886114682
409,85.69696600824048,33.54038051830626
410,88.56347613237617,34.28905380225633
411,90.54557824619613,36.828445829974896
412,89.77780641264476,38.210773536339815
413,89.84896486785054,39.05427596607644
414,90.15858803443876,35.52750953549649
415,87.62959643952335,39.19139011824506
416,84.86482924941389,35.75264733055949
417,89.49557646072743,32.19541543788951
418,85.78922074731639,28.18639294841699
419,81.76335765415593,25.129522238312436
420,78.95217447089219,24.034523958270693
421,79.6823951343595,21.6582346541448
422,78.72459575983183,24.657124154393713
423,79.4668863962888,23.994580094957115
424,80.1329648716519,23.609288783390454
425,76.64097638392623,25.045578908035978
426,79.84835270011926,28.17053715603619
427,79.60707234553705,28.926196638311897
428,79.035786666775,25.80995518933178
429,79.63273455592831,24.102673896710886
430,76.85385383440433,20.68395973245267
431,73.3143977081402,17.54856720392789
432,72.91151019441047,19.37337935620865
433,75.31746598305,19.07388476916977
434,75.77291682864097,16.7750896753795
435,78.12145799176128,18.992258036131823
436,76.07613108620353,19.81491213143257
437,77.83454427642181,19.73446174295847
438,78.97275000392659,21.869289097714983
439,78.53403384182418,21.62383109484592
440,76.85377439212273,21.81804028626601
441,76.49135473789373,25.26088869298788
442,80.77189422598671,25.828576707788265
443,83.38334497015032,26.65382892006409
444,82.13845016340227,27.714544171259732
445,86.25950855773614,31.388990998421054
446,88.01745469763392,30.725887913672825
447,90.63194233916684,32.91356539306465
448,90.16392851143358,36.011634865493576
449,93.22889723952409,32.88440842517015
450,93.31133028824287,35.226591168922205
451,90.33469752916169,37.48697881609134
452,87.96052064609768,33.98880272641657
453,91.01760569288521,32.76567846277532
454,90.87124206222438,29.78811144290834
455,88.82277971721774,30.10697390983401
456,86.472232151838,33.41667751640758
457,84.04221644507616,32.65052356658255
458,86.80357471001324,28.69163249240558
459,83.50516299903299,31.423711405497173
460,80.04954493963115,31.188889580376507
461,80.4898881481239,34.28350170537456
462,78.33951480406921,34.47835902661379
463,77.07117395165956,34.85698935842179
464,74.95290277130978,34.11417133255468
465,77.24588935192936,36.98777597656222
466,75.8864974962982,36.76076553097992
467,74.16804516057833,34.314529529061225
468,74.14338284033909,37.744729458709784
469,76.21344743265999,34.05953304441681
470,76.60427490075224,31.629682723825155
471,76.96347341380873,34.11239611766545
472,78.35189235688321,36.684366589400966
473,78.56006670755797,36.28657482948775
474,80.52615240597147,36.942372530886324
475,77.82950178494504,40.29819655915658
476,79.98008408808091,39.817061130007176
477,79.47178108022682,43.73647549176336
478,80.50949292862126,44.444671198941094
479,81.2016515756839,44.022029383678344
480,78.03663477500996,40.201368495643294
481,76.00672896276211,43.17719482292636
482,76.38557849284192,45.48125951547114
483,77.25806551600017,48.17032832357398
484,73.58317635216181,47.93079189562462
485,74.34939920863711,49.13533181695394
486,72.72513661317637,46.30435235246713
487,69.31914263202937,42.659028743610605
488,67.70216220240663,43.01569765903091
489,67.35356564334643,44.64580301845539
490,66.4024975356845,47.835819588942236
491,63.170583126903416,44.58315827406951
492,64.59669651510218,45.09530744607141
493,67.13630419519663,41.21319431762087
494,66.44300461444871,44.90384881103696
495,64.15946814082123,41.49343322667386
496,65.65652637161769,41.30605043202705
497,66.43778671669473,41.82022395680807
498,68.89522691092442,38.34013443651603
499,66.56746230879655,38.32669991525289
500,64.21179191638939,35.34563790649395
501,61.597302933715234,38.11801155869308
502,58.88132307674049,37.22659719754237
503,55.428455517188944,33.71350290287501
504,54.561151866075534,32.90388059986092
505,54.774859721510175,30.374121597021002
506,57.6798204222493,30.29070166606942
507,59.63756616352475,31.390139705654704
508,60.64674205868704,29.80902428980262
509,58.93126983154434,31.854147541109946
510,59.7167686450636,35.13081233183083
511,63.033692504273276,34.95630172844496
512,64.02480727459694,34.902905518481695
513,61.166151641241406,35.33150727108864
514,63.30698856253415,35.279381177578564
515,61.61542740007578,33.046833823248605
516,61.13317544749744,32.522971981502
517,58.80371392144621,32.27107647396844
518,56.18706951470203,35.328698911404395
519,58.18437100994421,32.1979538068805
520,59.185527812323905,28.87133076624479
521,62.28496725316978,28.33960737875508
522,65.79504093907963,26.290316679111093
523,65.27413830956294,28.478181561778428
524,62.78229491731863,32.038580479543
525,64.24887205950075,35.441932818983496
526,65.96261581836752,32.15904800936671
527,68.71280201710401,29.243772443772368
528,71.16282324867218,32.74540333663099
529,69.51239144891017,35.74399206772652
530,66.47590481024302,39.028529037280336
531,64.95411809968905,40.87440898186887
532,65.46353936163715,44.73458459607444
533,63.662308027596936,44.759072696673805
534,66.08024089062928,42.5379686958346
535,66.29787257207934,45.64398418761971
536,66.43696954164926,44.967768621079436
537,64.05832129578984,47.00168394875843
538,62.37968318174246,45.0194472022108
539,65.4207960399765,47.571736657218324
540,63.606381850130056,51.08848438433582
541,62.4769598920258,54.048815858049025
542,65.22382462652946,50.915223999986374
543,64.98202094491849,53.082732926652746
544,67.64550350303736,54.58267516581008
545,68.46480843122296,55.3652096607536
546,70.79789582478206,58.46835708624911
547,69.6979997172592,61.36441736432075
548,73.00480161658263,61.21675337231253
549,68.99947491203513,63.8835087663457
550,65.39887836545562,64.02362707289151
551,65.0317804784672,60.22402548527219
552,62.033816937327224,57.7167744653128
553,61.26562886430848,56.40395801606298
554,64.4228645991101,58.54230924448938
555,67.10211163457888,58.622012630722686
556,68.8710839414365,60.9723499914675
557,68.73348006605964,63.926112004749015
558,65.2759397602067,65.86862403441825
559,62.40738862985146,63.114122877002025
560,63.03074604899356,65.87425518206882
561,61.41601289358332,63.38669129684036
562,57.73010794089731,60.31375562414837
563,61.50230754660961,58.2502734654081
564,62.95658399721946,58.65319030160021
565,63.850640662838,61.41294561454226
566,65.99630774381718,61.06924779879608
567,68.47265342753963,62.230536921630794
568,65.39674368309326,59.81575224341248
569,65.7192591562407,57.68454307799621
570,68.86173257993796,59.64008724377741
571,69.25344669748705,62.41288586510172
572,68.64786246807462,60.35861659548271
573,69.01003062686772,62.92588144103015
574,66.85028188373889,63.58146224728268
575,69.25276368723569,66.55133047358423
576,67.27208918782388,64.37166008902318
577,65.15623126431268,67.58838804484705
578,65.55377958412706,69.74063388109944
579,65.29112810356841,69.8846514642167
580,63.36473053422148,66.77286651082814
581,65.82617334780669,69.83560533292795
582,62.77569678549497,67.89666969485701
583,60.36012309118929,65.68239575447714
584,61.70417696270751,65.39186844171418
585,60.45650165674,61.857155499464945
586,61.75668715489055,59.564300951771564
587,63.63532737963096,59.20671987341549
588,63.60137931196395,58.35296664163226
589,65.63084100522865,57.75993909981479
590,62.149798954126844,57.65482804899028
591,63.34813962183047,58.233874813526846
592,61.033601737208606,58.56685335916778
593,60.38010412226732,60.779707082158005
594,59.18819853275307,61.230012852963064
595,56.79433126872188,57.251982599036246
596,54.34702356911592,58.63440137612982
597,52.78682238667672,55.93676962634425
598,48.29142842520262,52.57382008154271
599,51.52216211275589,56.11683751090499
600,52.30697409929617,53.5688759127196
601,50.14892363478978,56.14449141833651
602,50.755427770148366,55.30799672857168
603,50.55811176714481,58.95098611527141
604,54.32163814698967,58.67112534310011
605,57.16665250711532,55.42766713519805
606,55.139757470266034,58.03967325598587
607,55.842976191003075,60.456736474844746
608,56.57066678251922,62.41889301873179
609,56.8752612042169,65.49737831380753
610,59.32845814433357,68.3316424247181
611,60.97590523629536,67.59347046112725
612,62.985228103125635,66.85553151736762
613,63.52374671770202,65.0488684053588
614,63.35492627613011,67.68180231119985
615,60.72642454637717,67.48252517952471
616,60.27692885951681,70.54808492938379
617,60.576935287722456,67.51478516810484
618,57.808474793306466,68.42436153590582
619,60.530744913166544,71.31122600563683
620,63.748778958089204,71.1287193754816
621,64.09634335089679,70.6390635189826
622,63.32184557390362,75.20484267146303
623,60.16526795127187,75.22669940645592
624,61.06070560785259,71.97482996400976
625,57.91792737329618,69.9328094527824
626,58.04268643866073,73.03638063923144
627,59.568014480355544,69.74818641725128
628,56.81146482786307,66.72482919030502
629,57.02836821579341,66.79811956821673
630,54.166317606869015,68.59855108782855
631,53.23016901357149,70.50050888425818
632,53.532881118728156,67.03535042767976
633,50.28063323163076,66.74177167799228
634,50.438520321903724,65.11477764074033
635,49.82196158938311,67.87192301739474
636,51.96794865904706,65.8743404336399
637,51.87612125194769,70.372982031374
638,52.68083274199127,73.69640542383291
639,54.58442040963225,70.65097856447461
640,52.57801681835036,72.98401986472196
641,55.4861074911111,73.17504403314291
642,57.77109715366159,70.1065680095952
643,61.453191594145935,70.17073749246273
644,63.09987996016461,67.12284255632758
645,66.19948721192063,70.32717747645492
646,68.51165769953592,67.50164744454821
647,70.97677364274459,65.51844686447555
648,72.73065955244164,68.67934634731907
649,70.69812252188568,67.61283459198988
650,71.07801725809642,66.07685153677454
651,73.3706069659035,68.59609893283073
652,72.51517135705751,68.6188826424324
653,74.60560931087889,65.22239481254462
654,73.61436048299912,61.67365573635796
655,73.74683857505482,60.82832275290814
656,71.35978578350768,63.414904480357926
657,67.64393282925667,61.3526052354966
658,69.58756645292237,58.70156211087836
659,66.31941907174543,59.2112188610515
660,68.67459072163656,56.9959729133926
661,67.54907324991957,54.94984840831853
662,70.28046946679974,55.87103693501809
663,68.89428127697813,55.88417885961197
664,71.07841857118514,53.55722597267073
665,71.65265328358058,57.28367677034874
666,74.48021215677474,55.28205293115829
667,76.77970279495283,52.31999954828269
668,73.9852207750142,55.27031716087409
669,70.26546341175624,54.66291869515294
670,72.52349262358376,57.64566492424161
671,70.49520770698872,59.79042438171168
672,68.37006955682737,61.085672160569416
673,65.37143458582827,61.05467286483925
674,65.44082546447454,62.25529524742682
675,65.36340299239056,60.2049232620788
676,64.46229888084848,60.46571288775197
677,67.72609753210484,57.90899500797286
678,70.98951972779723,60.901768871130784
679,67.58432254683335,58.22112311046296
680,65.7993099355662,58.36592915000336
681,63.86115463898494,55.75349618567202
682,61.180692500397015,53.13017393998723
683,60.70375878794328,50.992092029811
684,63.43035834595861,50.776065685315984
685,60.26323476709686,53.484832184650486
686,57.5611855666066,50.44021460081356
687,57.515040025790576,47.232461756104684
688,54.46327375429286,47.17826430525257
689,55.77833407443193,43.72346528993186
690,54.35385438907211,43.667537640687854
691,54.34524350386244,47.03443056629147
692,54.50584289749887,47.36806239806377
693,52.487214030029705,50.855518462991526
694,49.591850904092816,53.492743984932936
695,46.62319360332467,49.84151546169248
696,49.04989478002947,49.51994041723354
697,48.324174652770466,49.700572054314826
698,49.55111986063428,53.81242125223518
699,52.455783557391086,50.949717504461994
700,51.72526189117722,50.78435640319061
701,53.29909077018722,51.913477935450125
702,52.646688885383426,55.40734247552188
703,53.05533594660696,54.3395758048615
704,54.10379060400683,57.288898387575195
705,55.81339601768674,57.598043336707704
706,52.97675995019168,55.3091514748203
707,50.23925056328298,56.441114532285106
708,51.56299837847133,56.890581081633506
709,47.78597660476381,59.561631702816925
710,44.65700562208066,63.17424238296679
711,44.317500725428324,66.23175070851448
712,44.448553101331875,62.75558580335029
713,43.29421397376255,62.786877885343934
714,45.74196835643675,63.90918052657855
715,43.77458432513916,64.03801594545868
716,47.29712280885762,67.09897326983543
717,47.654360150460974,63.12012211433261
718,49.96628206111032,60.455290060861046
719,47.30743454707566,63.17784374605521
720,50.21333651192617,66.94274689267795
721,50.88156760052446,68.15095030652742
722,52.014309364487374,64.87778979830914
723,52.6316118660539,61.930577581005736
724,49.647913526029384,65.41325011980256
725,49.28896720365765,62.00325120824897
726,49.17212552043665,65.20537228713349
727,52.232528699746915,62.99167140551381
728,55.91759368693752,60.102996273681164
729,56.52635920133407,57.50846851527752
730,54.950448309110186,57.985911635270355
731,56.890781907564815,57.90877869381759
732,61.010475903513544,60.08948007926836
733,58.135288597868005,58.920549970708855
734,57.68538923644145,56.44288660344273
735,59.21664305690918,53.77043588646513
736,57.374717397126254,54.05480241204084
737,59.824709360073555,54.1839380598117
738,58.42272473069964,54.06616669916333
739,56.46305270499259,52.643878801292324
740,59.56224832591527,54.72993481141856
741,56.77079570034961,59.25335363360156
742,52.90218251004016,61.25935630655637
743,54.282049417228265,59.5132291050091
744,54.16943581795799,56.38072145637162
745,53.999773839409464,53.645167222739055
746,56.9688988138345,53.6265250883346
747,58.30587648593613,55.77511292501615
748,55.17148123359857,57.038525498069035
749,52.433159428696726,59.501035835148066
750,54.441705223018126,56.83436381444501
751,56.716982938552114,58.20513453971135
752,60.1230761596435,58.55760835309561
753,62.48839492151724,59.09682778339131
754,64.23543739584284,56.42057592651393
755,63.93142445378937,54.28500973896866
756,68.13839310341436,57.63128059875505
757,65.99011692047699,55.07345434761451
758,68.09583639916717,53.49962117051606
759,65.82022636196629,56.38287431839402
760,66.74632235856379,53.05925034914051
761,69.56927449936651,50.443340435320565
762,69.66297348876904,48.15707799857186
763,69.01881136612738,44.65972440397268
764,69.00937670318977,47.289021542300134
765,71.55996095030964,44.544538450236644
766,73.81866860419817,41.49985644071357
767,75.85948867576911,42.45103138875643
768,75.92526990462615,46.773697539037045
769,71.6813395483965,49.62930178463114
770,73.07858991125181,53.06715321822937
771,73.05489396862662,50.15637938831444
772,73.93287307958012,52.346973257001984
773,72.97371138962411,50.889893422770136
774,75.45953173348755,50.33993774436395
775,73.06892956610945,47.24164461540711
776,74.8349947003221,44.67817972141287
777,76.89454464631991,45.79029802908061
778,78.60782755424249,43.545823911796234
779,76.55591858716564,44.15155959026799
780,72.2456952382634,42.804701198839794
781,71.18019279774168,43.78199881542146
782,73.4553743831452,48.162961254738185
783,70.12287091019358,47.93867500687682
784,68.21447124567653,50.50958947211816
785,65.03124906873033,49.815140434256016
786,68.25206956248098,54.052252342462914
787,66.83835535975076,56.643256876313465
788,64.4470426012578,56.66087201613456
789,65.19388308348681,53.593339194553096
790,69.28736389640629,50.93631813146155
791,66.42344960258569,51.65253579298452
792,68.67193869997325,52.050117532387745
793,68.3995572759313,49.6004304592791
794,68.95146110787162,47.33567009958433
795,68.25056231059057,50.47931466538576
796,66.53973348153775,53.10480110926986
797,69.83624117916084,49.88441289181851
798,67.0700934963658,49.692206560099365
799,68.9080097484085,49.18954075132553
800,67.87619383075514,52.36407613628987
801,69.05837483639993,54.71460254887407
802,72.27759431499395,55.97510861201511
803,69.8320032186946,52.447087852506236
804,72.55511881429258,54.18469923248279
805,72.47289279043945,52.62304806975961
806,71.24764474532478,55.29632777142498
807,71.02528821646806,55.10453474503394
808,68.48745504828166,57.20856939456765
809,69.5118805554341,54.50363308587329
810,67.46178518323258,51.77064479455782
811,70.03483074426995,49.44348205424696
812,69.97480270996417,51.70170994879166
813,70.19456244121272,51.24644805171063
814,67.0091963837053,53.18089634655583
815,67.69354682909983,55.97113961797433
816,67.15939243160646,55.296487979455854
817,64.92881420287561,54.88996739676837
818,64.14061265763546,52.708569205302624
819,64.80770508031561,49.92376034746779
820,66.5938523560748,46.93185263322538
821,68.06962597353954,44.08604873222151
822,69.09987246455121,44.143226707160494
823,66.24439945961376,47.35334080616231
824,67.07953180677086,44.06282256486727
825,70.69173421100787,47.402416646372906
826,73.45139662511038,45.000924114272706
827,75.59822928391928,48.536435502604625
828,72.09378514810064,45.75801652612329
829,71.2474462488973,48.80871840344838
830,70.61238274694728,50.08844926658225
831,70.72222267962967,49.03246784439977
832,69.74752711725074,49.87732554219622
833,72.26859583960751,46.96379286581872
834,74.9058547847117,43.9609784874942
835,73.08426431657409,44.39203643252307
836,70.76954622643903,41.57053016295889
837,73.37614154862344,37.516645407624544
838,76.02525637612938,35.33759912267049
839,75.8212957029424,37.891632624873296
840,76.29832912322851,38.50050330194536
841,72.65192030047564,35.80088608240108
842,72.4501742137714,38.64124622707626
843,74.48692551631086,41.833866112843786
844,72.84715203748706,45.20914337166842
845,71.18320307999386,42.980870471479946
846,68.80592406523286,40.03979746659874
847,68.48386759582077,40.90850292747067
848,69.5590508030072,38.10173788956298
849,68.4663922236254,34.441849121592995
850,67.09513407591983,36.357674990268436
851,70.07697743123106,36.92187169322686
852,73.58427502598097,37.359659830588505
853,75.78691194475718,39.703193942428825
854,79.35301112929392,43.28963617970271
855,76.65523347936104,45.501693029432104
856,79.88252617138976,48.36950971317859
857,79.66489698227947,45.2997767033292
858,79.0757613672164,46.4745092757361
859,81.45297540507157,50.01314805476741
860,82.87261723342331,47.60571693898831
861,82.49249009609989,44.26541988930391
862,81.8291825260045,44.44587291610882
863,80.99392684038705,44.247183674374924
864,85.25574097753658,45.41663342279776
865,84.08066218285282,49.1645007103981
866,83.98941135013882,49.08445467332322
867,83.92150662676504,52.67905044204015
868,86.92766783283545,50.48972282480945
869,83.75486338586981,50.73760346672228
870,81.54188045371791,50.18602596512999
871,82.35609993216221,52.26465618081599
872,83.32231849671378,55.321008051522945
873,81.9437262510543,57.921323036036355
874,79.79180951739531,59.61402394201397
875,83.43871461891823,56.50559837541271
876,83.47825489592027,52.675120857420374
877,86.96057130280504,56.668483794357904
878,89.34287412129694,56.83179100802449
879,86.07946459474388,57.47486063017504
880,83.10439687972415,54.57072276864716
881,81.65903910799835,52.7818427448933
882,81.27380231202238,51.80982781769647
883,77.8479680060932,52.278926773188566
884,79.00142250813605,52.912160110493076
885,76.47582046561034,55.07593358204917
886,78.96819075589619,58.85071293465008
887,74.54444143934519,61.35269991320725
888,70.36770867499003,58.375070680498155
889,70.70272199654619,56.16476927512653
890,71.47878676399947,53.15909565802429
891,69.79201532573826,53.02682459352778
892,68.69374154950796,54.25734996290789
893,69.24252335096524,53.405528897193086
894,72.68684546710304,49.77765824375904
895,70.70071167455954,46.30551961092885
896,73.4154626357476,47.49305879881602
897,72.08695127005957,50.529478822272985
898,74.03441135472683,49.966654445170505
899,76.6987870813132,52.8566143125219
900,80.42767939219983,53.3956397398032
901,82.19121950108743,53.50738763336031
902,85.30746132453493,52.74636688410069
903,84.33984994502609,54.103007234849564
904,84.921217873012,51.35981696688055
905,84.25408605975765,51.883561867560424
906,84.36708448137253,48.21681968426259
907,82.68606149152514,45.38450013685245
908,84.959088277865,45.63457551212339
909,84.27554483145717,47.94954137829039
910,84.75464262079048,44.82011765932304
911,84.76204879231275,41.68130583811003
912,87.95405360628882,41.314574021607434
913,84.86419932060178,43.363082554715525
914,85.86030227235581,45.314510608521765
915,86.42696999286447,42.389126528155685
916,83.26882856740569,42.21572269064418
917,79.3182522538417,41.43306478682669
918,79.49088268019871,44.36657907793798
919,76.67421110598534,46.29437565141218
920,77.28575458469193,46.224339065662505
921,80.21848880641082,45.05021907163848
922,81.0453980085817,45.417018578338684
923,79.01750480739067,44.608730212791855
924,80.57772127441274,45.76644021519793
925,80.17038444534556,44.777020222498685
926,82.10445596128802,44.875367816931224
927,78.1474756928437,48.641234397117216
928,76.4657110262265,51.05006360864967
929,74.90869337430588,53.61499173422654
930,74.1765288966681,55.82611290690818
931,72.97264412674154,59.538497824933465
932,73.20425741608992,62.473012284745536
933,75.80652914080899,59.86107719331428
934,76.0185544439079,61.82017816626836
935,75.6180008668355,59.41252703915771
936,71.98056177584705,59.86245931982665
937,70.46866235088604,56.85093023354135
938,72.00341596209675,52.60915049865937
939,74.55520838333562,50.85560475206298
940,74.2454353645207,53.48222537275157
941,77.68959899461157,53.74923432863996
942,75.34921557169696,49.06613553019325
943,78.73228849583094,51.056917718993574
944,80.42989589038396,53.63567711360825
945,82.57286428348141,55.47863469107334
946,84.47175309503595,52.528266842487085
947,85.77182817893997,50.12765294279174
948,83.27466180190177,50.790206976361524
949,81.52889965259348,53.71590031281755
950,85.22387179208897,57.329554768567256
951,87.95715541102942,54.80870955246793
952,87.62981498549698,50.10755397758464
953,89.64680621974804,51.00882634077495
954,86.37794472046193,47.90904733295612
955,89.93005152373269,49.92155453771075
956,87.1616230856186,47.80012420833866
957,87.62781678333485,48.72740708853207
958,84.93278575937941,45.61568148515731
959,87.77437711188789,45.365280009704115
960,88.98806978843666,43.17361715300793
961,88.41821022931111,38.72175715077182
962,86.89653095291024,39.21164049295461
963,86.53705475538816,42.33134148570838
964,87.07209632556197,42.67285099656524
965,89.3087422909218,42.36944565624242
966,86.91097980685362,45.21843497943528
967,83.85761361021103,44.95835405644698
968,86.20905393439942,42.77448241172689
969,86.34098739197174,41.906115843602024
970,89.62378296148415,37.45413257372158
971,87.19778040863872,34.35788667362469
972,87.6724460708008,31.306743573882997
973,91.78318500268324,29.503242141814983
974,89.37843034284437,30.637713306427816
975,90.38594678270272,33.828580144284224
976,92.98334204746287,35.692461006116986
977,95.09192220299965,36.279373253954944
978,91.936520507056,36.139322329242496
979,92.58009895986385,38.54191814067634
980,95.24829096027136,35.28788602806907
981,94.90486461725736,37.890243576380776
982,93.03081375119413,37.3178016881257
983,96.65655343501412,39.69988667487501
984,95.35212852150872,42.99943330240314
985,97.79020627182057,45.74097746453949
986,97.42529863181208,48.86053586104025
987,94.89803812933997,49.237133494001476
988,92.67345768211395,48.3160099726748
989,89.4388298035504,44.4608194558263
990,88.02223266951464,43.79172865037739
991,90.44935174559059,43.07453453493696
992,87.16824990952377,46.18114260163093
993,87.2143589319979,43.09296266332038
994,85.99638115419387,43.25276624508435
995,85.86181151325842,43.37383896716664
996,87.6835119659544,40.899148727894335
997,89.9697364074201,40.464322479767496
998,87.74310551857783,38.70385869180871
999,88.25460878033218,41.215393168920016
1000,89.96984120468905,40.612102750237604
